LC08_L1TP_193026_20220803_20220806_02_T1,LC08_L1TP_193027_20221006_20221013_02_T1,LC08_L1TP_193027_20220803_20220806_02_T1,LC08_L1TP_193026_20220224_20220303_02_T1,LC08_L1TP_193027_20220224_20220303_02_T1,LC08_L1TP_193027_20220123_20220128_02_T1,LC09_L1TP_193027_20220115_20230501_02_T1,LC08_L1TP_193027_20220107_20220114_02_T1,LC08_L1TP_193026_20211222_20211230_02_T1,LC08_L1TP_193027_20211222_20211230_02_T1,LC09_L1TP_193027_20211214_20230504_02_T1,LC08_L1TP_193027_20211120_20211130_02_T1,LC08_L1TP_193026_20210221_20210303_02_T1,LC08_L1TP_193027_20210221_20210303_02_T1,LC08_L1TP_193027_20210205_20210205_02_T1,LC08_L1TP_193027_20210120_20210307_02_T1,LC08_L1TP_193027_20210104_20210309_02_T1,LC08_L1TP_193027_20201219_20210310_02_T1,LC08_L1TP_193027_20201203_20210313_02_T1,LC08_L1TP_193027_20201117_20210315_02_T1
0.7556988925879331,0.367121697352081,0.7645208219286488,,,,,,,,,,0.21677071429036676,0.21794519934713907,,,,,,0.052877511163239355
0.3732118509471398,0.07158431349413164,0.3684294247366289,,,,,,,,,,0.08863736498713592,0.08796997034562892,,,,,,-0.037924096581839706
0.12928704877198172,-0.09164462481600211,0.12699657146285404,,,,,,,,,,-0.2577043028125754,-0.25713949383012746,,,,,,-0.07988377629403676
0.13406404393167293,0.012794988416793274,0.1339399396220351,,,,,,,,,,-0.20028596233331264,-0.2007076229142779,,,,,,-0.08839840079698646
-0.35169671134759284,-0.32828741051168464,-0.33348021474153455,,,,,,,,,,-1.3943253953813084,-1.3929822086915031,,,,,,
0.4405646620168646,-0.0507521699398481,0.42769264779250094,,,,,,,,,,-0.1579930164725134,-0.1588497986569557,,,,,,
0.16514760603233114,-0.037922338592554894,0.181133754260852,,,,,,,,,,-0.17971978859770488,-0.18068348609334173,,,,,,
0.6002617813049795,0.15795282611975026,0.5886794273905025,,,,,,,,,,-0.12812628041267082,-0.1287842712570999,,,,,,
0.3633078913626555,0.11973905629526271,0.35723813074044486,,,,,,,,,,-0.10829885231978942,-0.10747066589094345,,,,,,
0.40099340226710467,0.031183906449825827,0.391232113599262,,,,,,,,,,-0.3269088867993801,-0.325131509333076,,,,,,
0.20129088245073845,-0.01300922881453559,0.18416285921890108,,,,,,,,,,-0.11077799961113932,-0.11617544503804744,,,,,,
0.6257960388341246,0.21247606741539116,0.6220347652434661,,,,,,,,,,-0.3295516226198778,,,,,,,
-0.4641261836751731,-0.2688888216392691,-0.4614545358286932,,,,,,,,,,-0.1514172445266304,-0.14808206456071282,,,,,,-0.06799253203114386
1.1512468169565153,0.203472839278799,1.1419810268059258,,,,,,,,,,-0.24097007489688238,-0.2393660217904099,,,,,,
0.766547557715338,0.2418357442497019,0.7575526726691386,,,,,,,,,,-0.018145585852023416,-0.018026725204709493,,,,,,
0.23899757281925105,-0.0001269690059970685,0.24285725747196452,,,,,,,,,,-0.36489448653441325,-0.367593477732469,,,,,,
0.2026905828564054,0.0765697295691048,0.22467113781812742,,,,,,,,,,-0.16729413492557832,-0.1647041589314231,,,,,,
-0.32152282443960445,-0.3074309998940983,-0.3041640460652637,,,,,,,,,,-0.902196973329632,-0.9082191363523826,,,,,,
-0.06053475293169086,-0.021225000766797564,-0.045101358173241124,,,,,,,,,,-0.4352132897136691,-0.44651597984515234,,,,,,
-0.1297941513388423,-0.10561973594976237,-0.13455984412308197,,,,,,,,,,-0.31340508450098703,-0.3117301331984148,,,,,,
0.141439710980805,-0.12193445318591145,0.1379934688468154,,,,,,,,,,-0.48188221215835103,-0.48369991302253634,,,,,,
-0.30221665449520074,-0.06835400540964187,-0.3091115047760802,,,,,,,,,,0.047142472288488335,0.048126242017669796,,,,,,
1.659693701767516,0.7976100397890811,1.6552093231597738,,,,,,,,,,0.3125969346713795,0.31183185000408464,,,,,,0.18968257230969598
0.19988167192906658,0.053037776255759894,0.19437410370557728,,,,,,,,,,0.06316583519479124,0.0645127290257026,,,,,,
0.027822476227420623,-0.08518145285984602,0.03205620977667678,,,,,,,,,,-0.06102047026340429,-0.06051603484594459,,,,,,
0.2767374061564496,0.10482808032810098,0.2770409741268516,,,,,,,,,,0.07290589106161605,0.07319163421648156,,,,,,
-0.08832059992142405,0.012292438756148272,-0.09625542306231338,,,,,,,,,,-0.021176643645475224,-0.02125969260903382,,,,,,
0.6786607692486513,0.31652726944572507,0.6750095009976569,,,,,,,,,,0.12947770827433125,0.13000160598616972,,,,,,
0.5608430558365463,0.29135574266346254,0.5648519805764387,,,,,,,,,,0.2705231765855043,0.269120764279954,,,,,,
0.16379924195244655,-0.04701426361540584,0.16967770977625918,,,,,,,,,,0.09955446168543602,0.09898591244965971,,,,,,-0.08177128862961336
0.08928220247298313,0.16097867829545542,0.08949139999084466,,,,,,,,,,0.25326461405675005,0.2535949303898857,,,,,,
0.41890524517683403,0.16760234985707356,0.41139353633693077,,,,,,,,,,0.019836599723275228,0.02069904430690528,,,,,,
0.3725363986053054,0.16797736561330723,0.376189478851888,,,,,,,,,,0.133440433847408,0.13135330583959615,,,,,,
0.1483388128813914,0.16610598842036772,0.14566385202060061,,,,,,,,,,0.37015831834923496,0.3706131860463131,,,,,,0.12679825380204424
0.2003161599490184,0.15059246566234918,0.20226818606510832,,,,,,,,,,0.019595303418629584,0.022172911246109095,,,,,,
0.718755956247449,0.32354712377089,0.7141614574227191,,,,,,,,,,0.22677192368410282,0.22493252833444188,,,,,,
-0.08330270070334578,-0.039043831754479896,-0.0842352844273826,,,,,,,,,,-0.04179581689487932,-0.04269427497295197,,,-0.005865662766833424,,,0.04385351305732055
0.1620959535482953,0.17331442659632046,0.16345949067408583,,,,,,,,,,0.20689610705885464,0.20649458645061358,,,-0.011518970843585663,,,
-0.1687724345588144,-0.07616171157861018,-0.1638249506737921,,,,,,,,,,0.2909807181545805,0.29108118800451344,,,0.0736221999943254,,,
0.07591996770445064,0.06881255561326682,0.07842360606706578,,,,,,,,,,0.09680203208235838,0.09716852257479403,,,,,,0.15417290481780288
-0.16956667221264254,0.20902652534743638,-0.16526019954719473,,,,,,,,,,-0.04826318504252569,-0.04793635225534487,,,,,,0.043497081994853026
0.2011350758977457,0.2748540901262615,0.20623092915835528,,,,,,,,,,-0.13417869928370507,-0.1342616151420195,,,,,,
-0.17608865398990758,0.3612735851706539,-0.1685398290825475,,,,,,,,,,-0.048385167260384776,-0.04785587267768143,,,,,,
0.03559485605056523,-0.1813413823129899,0.034631722154781386,,,,,,,,,,-0.12198726201738452,-0.12198815492731718,,,,,,-0.1458741928094618
-0.21087099240440565,-0.19307289214691892,-0.22290396865528095,,,,,,,,,,0.04241241613399005,0.04015823222328585,,,,,,-0.10997472308897915
0.06526226284240622,0.0021576272280441344,0.06705371113194047,,,,,,,,,,0.027943325058851443,0.030170388809143134,,,,,,-0.02509367691387876
0.22055264110023387,0.09183127421087178,0.2214146032195714,,,,,,,,,,-0.1689335728576431,-0.16893348745508874,,,,,,0.03426004242753855
0.05861405572387568,0.10101184379290729,0.05944185522575651,,,,,,,,,,-0.041449518678970065,-0.04017397220473917,,,0.004956717461171323,,,-0.004678874330390492
0.02589559325025448,0.13994844739937307,0.02711847204717799,,,,,,,,,,-0.041325526008964886,-0.039623979571654644,,,0.006760942844257656,,,-0.020010242243317933
0.027808177989779637,0.12246360289564251,0.029437968767854983,,,,,,,,,,-0.012273301553328508,-0.011534883373251148,,,-0.006628988212737497,,,-0.011885315008822062
0.06027318515238633,0.050910247577153456,0.06514736559853063,,,,,,,,,,-0.006047139250853206,-0.006315105480878103,,,-0.013425772536097114,,,-0.010192280503245499
0.09207982769546419,0.08447153916254635,0.09328292011624129,,,,,,,,,,0.015943840387640407,0.01576850925632023,,,-0.00408993042762873,,,-0.009255945758540385
0.09438484051308293,0.07824037171222997,0.0956365256463414,,,,,,,,,,-0.020221126875357598,-0.02010371116753973,,,-0.01643634681527928,,,-0.030150991340808453
0.0638985195272177,0.11749270498873088,0.06458645164376264,,,,,,,,,,-0.12235743115365949,-0.12112751586723824,,,0.02020090640377603,,,-0.05010210238821955
0.030939164355388016,0.15665945667474546,0.032717052050280415,,,,,,,,,,-0.062198132626528846,-0.061905436994674545,,,,,,-0.046763407742171914
0.009368505378045455,0.12543421589665016,0.01024484526966063,,,,,,,,,,-0.02011640401839543,-0.018774029755833865,,,-0.007071922948513887,,,-0.013919495914314517
0.07591334644180492,0.04830362991335235,0.08027710190869541,,,,,,,,,,0.010688953724987016,0.010513689244607605,,,-0.0025702504576425866,,,-0.019012824007096363
-0.008838150279547818,-0.04495117664648163,-0.0067162291320350676,,,,,,,,,,0.052595738958698846,0.05273389212774049,,,0.029041967855658157,,,-0.014752403869001895
-0.04822228222289837,-0.058064965889151665,-0.0476460974335744,,,,,,,,,,0.16218294186780113,0.16387697600876905,,,0.03127602825605358,,,0.034632869239830555
-0.01882478252643338,-0.03906782275033649,-0.019315533759439063,,,,,,,,,,0.15327809911168266,0.1541266675511359,,,0.042377486496118166,,,0.03838695366797307
0.03043051953007847,-0.004613268113946134,0.027213236546316466,,,,,,,,,,0.19059136309229707,0.19018174359759143,,,,,,0.0326605356558316
0.0534222820606054,0.0015898811984342842,0.04794478125592505,,,,,,,,,,0.13403469634570797,0.13383397327180369,,,,0.04981568849794615,,0.02600822431377292
0.10813535482249037,0.04819024974666064,0.10806563788385404,,,,,,,,,,0.044144898578570846,0.04433180951929039,,,-0.008354243425916508,,,-0.035802973082948775
0.08536207684009867,-0.002840889437468519,0.08408046250093548,,,,,,,,,,0.07650346477109338,0.07737481276350167,,,0.028016155137986942,,,-0.04101794103275935
-0.013355525200974938,-0.06522792372946995,-0.015000025900157254,,,,,,,,,,0.11542015882596246,0.11617942092318678,,,0.0551497375820702,,,-0.008393150501442292
-0.07690785252743737,-0.11585257913021607,-0.07977743412338967,,,,,,,,,,0.0923779839346448,0.09185113986151627,,,,,,-0.016608733708176615
0.004700856084969729,0.02109333082471565,0.004316645305500799,,,,,,,,,,0.07111874659767814,0.07059161373579137,,,,,,0.059772513155545326
-0.007869341350957626,0.001913144399129152,-0.012237309114492945,,,,,,,,,,0.038574629101285396,0.03803760526808908,,,-0.027326204718217895,,,0.041057035168666545
-0.008748710301350826,-0.004487540540761614,-0.008968900151234749,,,,,,,,,,0.012932505785437698,0.01392727981414943,,,-0.002808383721092156,,,0.055596158440290644
0.11385253862383493,0.04376770551061426,0.11496998991271568,,,,,,,,,,0.12038303246179538,0.11956397912022254,,,,,,0.09901917900016599
0.027345657358196718,0.02515557421885717,0.028675281330095004,,,,,,,,,,0.10780100371608725,0.10932623329556712,,,,,,0.11152887634131137
-0.007078371488891122,-0.009377005246722803,-0.006042108230044363,,,,,,,,,,-0.001929572213152042,-0.001551045061853884,,,,,,0.04223010919441794
-0.03403075809456979,-0.0368326461253794,-0.032538651882923375,,,,,,,,,,-0.08764639114940387,-0.08778100064072802,,,-0.0035257262013459467,,,-0.008711623121560486
-0.038003940023646265,-0.016910704414414113,-0.037638230149180885,,,,,,,,,,-0.03881346496075011,-0.03910645612574726,,,-0.008585512241008786,,,0.03753488948165096
0.01124882752302625,0.023801539453792486,0.010089067186040523,,,,,,,,,,0.11640057412962079,0.11754078837511628,,,,,,0.05546290258706499
0.12071761559722916,0.0369716067707877,0.11995543024134037,,,,,,,,,,0.04809211746323072,0.047916385128081274,,,,,,0.033162395082894314
-0.07277273062612011,-0.08709906634226883,-0.0734522854514168,,,,,,,,,,-0.09291392085556183,-0.09229954905181614,,,0.010555861480137096,,,-0.011793672087256013
-0.07724584434269488,-0.11024359691094432,-0.07962134683245026,,,,,,,,,,-0.06123564601065823,-0.062460161438316675,,,0.0385996799227204,,,
0.012596915144452936,-0.05298596434518643,0.010331934627693329,,,,,,,,,,-0.047101085826833256,-0.04604721401831391,,,0.032830811479472644,,,0.03610162336036371
0.009392527226740555,0.006640020599824936,0.00915789407614298,,,,,,,,,,-0.04113686765026614,-0.04090311956797166,,,0.06440577744939091,,,0.0907191230687916
-0.004478654408217153,0.11934170780823194,-0.004230613702183916,,,,,,,,,,0.03822713579255321,0.03832682832941714,,,0.0228449953132408,,,0.10146231363241309
0.013905285827807035,-0.0003639339854188961,0.014291795053456013,,,,,,,,,,-0.08667762465836404,-0.0867358979900974,,,0.0698117501302491,,,0.05970547295018669
0.03867655672074122,0.13478322654002284,0.038198160621131905,,,,,,,,,,0.10953230327514873,0.10941566073975828,,,0.02809911883018401,,,
-0.008375772092666267,0.15746366713415938,-0.0071608776558882425,,,,,,,,,,0.11884767734002288,0.1191155655791345,,,-0.003821664949221315,,,0.0707303728578621
0.01115214194548031,0.10844836255179757,0.012838078200452685,,,,,,,,,,-0.0642106383092429,-0.064444252488979,,,0.03579926059998684,,,-0.056115416557498854
-0.008252441233082664,0.15022350279667407,-0.00825155261579269,,,,,,,,,,0.05818001430769826,0.05838161474719605,,,-0.00928204874217009,,,0.04100241939313243
0.014314037830619242,-0.054925309305669856,0.013849358295903613,,,,,,,,,,-0.06955912350683313,-0.06939794571675328,,,0.07017920863200011,,,0.09266938908074618
0.10212645335835902,0.03654906685127557,0.10256831911996045,,,,,,,,,,0.052295280532304034,0.05316656223268801,,,-0.015703322555573607,,,-0.05044757640327635
0.0758153515549509,0.036515056467756324,0.07298342307363725,,,,,,,,,,0.04772235406965031,0.04807354966760613,,,0.050381207509525794,,,
0.0014986208526437395,-0.053233105566157235,4.573365351490111e-05,,,,,,,,,,-0.018578840825480114,-0.01824432351317995,,,0.06195516118093103,,,
-0.1235766286671307,0.1101698687117505,-0.12025924280871436,,,,,,,,,,-0.18196632211545172,-0.18203254228227017,,,-0.012005498884375854,,,
-0.07701572801412837,0.09400103207175547,-0.07714720952127863,,,,,,,,,,-0.10610864159392008,-0.10798069117369202,,,-0.0007739009200324887,,,
-0.11888434262511538,0.16395106702651674,-0.11625077059169797,,,,,,,,,,-0.07637682370364729,-0.07362863394830121,,,,,,
-0.10194120618652036,0.189381093469013,-0.10023914008874613,,,,,,,,,,0.023592257850349796,0.02412391604798536,,,,,,
-0.049762322513409174,0.13710989671518092,-0.04828876436851459,,,,,,,,,,0.024098773772093907,0.02356264285338483,,,,,,
-0.02052000787898578,0.1673843940699662,-0.01858220992048487,,,,,,,,,,-0.02767320126323014,-0.026961887248756256,,,0.002389219232554751,,,
-0.04809915453730795,0.1643465557388062,-0.048573434495693846,,,,,,,,,,-0.06052278404354183,-0.05946411496072734,,,-0.0017798805827258235,,,
0.0346535909676291,0.00911095260406114,0.033266489389610854,,,,,,,,,,0.21134640075254119,0.21080968654497845,,,-0.015618652299353997,,,0.04528913132679335
-0.0018911386747930692,0.1886940021914576,-0.00024017380305707547,,,,,,,,,,0.17125603445349213,0.1711218403909207,,,,,,
-0.07599251834729515,0.19671897945291406,-0.07283722118136282,,,,,,,,,,0.02740800020844425,0.027876173188897013,,,,,,
0.00026877671585978646,0.09788713219870004,0.0027927312535886983,,,,,,,,,,-0.25780221203575593,-0.2579771512797979,,,,,,
0.028184032364972467,0.08807518163180106,0.030077846800704577,,,,,,,,,,-0.2400731610784046,-0.23985097482131934,,,,,,
0.07696773271017676,0.14372331709187236,0.07798766186728656,,,,,,,,,,-0.002939061929845721,-0.0028811639619057416,,,,,,
0.046110624611049644,0.1761665935027672,0.04570961838997789,,,,,,,,,,0.2528981822266694,0.25421659227428073,,,,,,
0.026512985990827076,0.15263094421432655,0.025245218900963096,,,,,,,,,,0.3073786463375612,0.31004729639994544,,,,,,0.05122241815953554
0.01293026774241568,0.2097300086685614,0.012112227059791536,,,,,,,,,,0.27308914535746887,0.27238906188600964,,,,,,0.029304975667220567
0.007528804434929981,0.22158797939691866,0.009066041070333597,,,,,,,,,,0.21003378647309745,0.2089252380121689,,,,,,-0.004033043264860758
0.012276501672729978,0.19023598204243797,0.014422800032203753,,,,,,,,,,0.07161078676649524,0.07013473810528659,,,,,,-0.06463297109151167
0.05317341506330564,0.05161757092146857,0.05202353226287215,,,,,,,,,,-0.14164511526265855,-0.1419979898452688,,,0.016172267948714847,,,-0.05116701106058752
0.0006139912800549041,-0.07920223639349189,-0.0005949826624807031,,,,,,,,,,0.07891942068639324,0.07831574874630753,,,0.016692396156747336,,,-0.058971974030840535
0.05372041583823162,0.1984705324820979,0.052283457868345096,,,,,,,,,,0.30537035325363604,0.3051707010166105,,,,,,
0.19058902064350036,0.22318027441943045,0.19150893852921058,,,,,,,,,,0.08629931673693925,0.0859450777931805,,,-0.023684684452137006,,,
0.12901586963788958,0.17019117056288025,0.131892500155935,,,,,,,,,,0.16246222622065076,0.1595938370919825,,,0.012032656072030079,,,
0.03238222550329084,-0.05987158971702655,0.03191584166398087,,,,,,,,,,-0.08994592953501446,-0.08931887773935543,,,0.06326674297019785,,,0.008770966995014895
0.011550076111117136,0.03826357170381911,0.012986314526418852,,,,,,,,,,-0.11884194325114272,-0.11910974323151002,,,0.05860071115330534,,,-0.05350936371194326
0.034550626240214655,0.0036249032019846084,0.03371361958406638,,,,,,,,,,-0.1478012785776901,-0.14908927343205036,,,0.06033810434305131,,,-0.09712688730213248
0.038887699280213184,-0.030670249402287908,0.03855183814483709,,,,,,,,,,-0.0729049400344497,-0.07313925629067697,,,0.045600969206358144,,,-0.01439276490523067
0.034444499537386264,-0.03126031300947574,0.03416954387724047,,,,,,,,,,-0.032064459285230384,-0.03239994500111898,,,0.027161825895289482,,,0.01764651835468367
-0.03316975064554484,-0.06525591890212112,-0.03746728533121413,,,,,,,,,,0.09046941930486696,0.09013453399967197,,,,,,0.019432350373778995
-0.04540545989438627,-0.05405984307267886,-0.04736181004037121,,,,,,,,,,0.020854560167045122,0.021861081941425553,,,,,,0.00037739721960772243
-0.00625936230949975,-0.005216530009903408,-0.0105717947697066,,,,,,,,,,0.014394278493357504,0.014043438571352596,,,,0.027021211298270953,,0.003901156220136315
0.023663300378814256,0.01025038318464766,0.024349353694667286,,,,,,,,,,0.016161139768374966,0.01609433269129923,,,,-0.003630585846182921,,-0.0015750728685599569
-0.012023144964377508,0.006130436745493739,-0.011537034281765557,,,,,,,,,,0.008575269169730504,0.007671860994969748,,,,,,0.008764260761653375
-0.03668723735372481,-0.00632466776353624,-0.03826811092894644,,,,,,,,,,0.012896256484756563,0.013130822790310859,,,,-0.05916244655266234,,-0.00019255982455934628
-0.02365363985169111,0.0031160117159707568,-0.02250439617630562,,,,,,,,,,-0.004568875464473265,-0.00445153436454504,,,,,,0.02981398744611674
-0.022235401847236602,-0.0012169406070157152,-0.014402257207436264,,,,,,,,,,-0.02024234522471957,-0.01999916831105253,,,,,,0.02905723481473288
0.6603143118174621,0.2794025911014124,0.6523088324860211,,,,,,,,,,,,,,,,,
0.22148021194866985,0.15636512734716845,0.22396045029212175,,,,,,,,,,,0.03999554341792688,,,,,,
0.2619873193370097,0.21388953090208673,0.26225864123729536,,,,,,,,,,,0.018885471366449025,,,,,,
0.18479502089289923,0.19465209652095794,0.18850402453439585,,,,,,,,,,,0.031696783466724554,,,,,,0.08033094199893753
0.15204650905177886,0.16174456037498786,0.155841225785732,,,,,,,,,,,0.05789590465508887,,,,,,
0.021009343035501615,0.1001092949256801,0.009829922381769052,,,,,,,,,,,0.061532004706261745,,,,,,
-0.0631913742943162,-0.016954727492684896,-0.0567642282208638,,,,,,,,,,-0.027001418475975925,-0.027647698891057004,,,,,,0.013403371150122467
0.1082495789193807,0.03287450532517866,0.11272349028879347,,,,,,,,,,-0.04135553414326054,-0.04218883877139312,,,,,,0.012800900134515736
0.07790322616215306,0.03017042572057349,0.08374013427835081,,,,,,,,,,-0.004362001022537143,-0.004361716903021673,,,,,,0.03573114604568506
0.09182507165887799,0.028673169898311812,0.0959943217034791,,,,,,,,,,-0.0019986083436993596,-0.001334145967861744,,,,,,0.04770546295107714
0.08694931049784671,0.04164123468776637,0.08897927573456954,,,,,,,,,,0.02327168388730172,0.021847927289078584,,,,,,0.054558303881695025
-0.013426419065005746,0.020778234403273643,-0.014076095299806468,,,,,,,,,,-0.011832422545012378,-0.012598354620205754,,,,,,0.018330040641588496
-0.06422813256072146,-0.03649691729951954,-0.06628467842527641,,,,,,,,,,-0.0063832581910183706,-0.005937604609497882,,,,,,0.002640303249360265
-0.03490514794599875,0.003985790903961117,-0.03484954939257534,,,,,,,,,,-0.032535144876250754,-0.03280376020465425,,,,,,0.012119123109782137
-0.10044699909116872,-0.05028654358111595,-0.10061735355134616,,,,,,,,,,-0.01716073661433626,-0.016455560845045625,,,,,,-0.004808861736024461
-0.09893354439290292,-0.10219385352425903,-0.09871156628549826,,,,,,,,,,-0.0022180849795034874,-0.001480030774708041,,,,,,-0.012330996428090657
-0.10892881222279627,-0.15234680180341087,-0.11382139213159803,,,,,,,,,,0.04210404973510684,0.03862714066171158,,,,,,-0.04496262068041368
0.07574338007200154,0.05738808627630121,0.07617638415758421,,,,,,,,,,-0.019912535939813125,-0.020322388504807165,,,-0.0343429905164232,,,-0.0023889136508516984
0.07231454611238419,0.01799208688719034,0.07175792925855262,,,,,,,,,,0.05777877362737627,0.05730909352495317,,,-0.07511609249989526,,,-0.018128565889041326
0.05028977181564187,0.011597983825883063,0.047569200967913616,,,,,,,,,,0.07383258126460923,0.07330568252538683,,,,,,-0.004797303344319381
-0.03854756133363324,-0.07102970581388135,-0.04542174606418925,,,,,,,,,,0.06392406779050219,0.06325312032057795,,,,,,-0.041133117116301854
-0.11856285743304795,-0.10844479257294992,-0.11662048409530712,,,,,,,,,,0.0014014232035695073,0.0007305474578434001,,,,,,-0.02385562699649668
-0.10110419766190404,-0.0657446843113263,-0.09899708652001848,,,,,,,,,,-0.005161283997525246,-0.004960201352517402,,,,,,-0.005485701589405423
0.008688648815446953,0.05090696457110511,0.01415974288869748,,,,,,,,,,-0.008559240427471693,-0.009194496471106817,,,,,,0.02871124646375467
0.03995947854145854,0.10439590270578236,0.0449961694623191,,,,,,,,,,-0.011214695041099176,-0.011819118464773126,,,,,,0.03584433165813117
0.05692334037841462,0.11607359150357155,0.060851233348881095,,,,,,,,,,-0.0032520222066860782,-0.0037793224734894437,,,,,,0.05297284372685063
-0.03968298282454086,0.03923977235435672,-0.03644877515888112,,,,,,,,,,-0.026665999129477314,-0.026478504494269473,,,,,,0.024380069138818072
0.023310586444136305,0.06652795121474142,0.02706982158834137,,,,,,,,,,-0.010025162041978675,-0.01022674819691538,,,,,,0.03192109843001312
0.10377058821457297,0.08483628917183594,0.10831487951746865,,,,,,,,,,0.01670113858437361,0.017708067960283458,,,,,,0.05198709160714898
0.19592353084291148,0.15263247552350734,0.20175326837441787,,,,,,,,,,0.01844489461365484,0.018503217487991108,,,,,,0.0768846587837535
0.21066889750352402,0.10627391236179662,0.22010460887017302,,,,,,,,,,0.016547991451455246,0.01745031799176644,,,,,,0.060346640199432144
0.39463911811951746,0.08349121637320778,0.40273387638447034,,,,,,,,,,0.003475053230472369,0.0035345956204704265,,,,,,0.04330877508679443
0.42493700157856296,0.12994310370440942,0.4325813843482358,,,,,,,,,,0.03104322870055043,0.03093010191878065,,,,,,0.06727600408595791
0.39425831492471985,0.07016650297389049,0.3993469990586327,,,,,,,,,,-0.041809560466546714,-0.042655558498150725,,,,,,-0.0027109525654456235
0.29663034229327323,0.058079786443180126,0.30604449691088575,,,,,,,,,,-0.022843915273275783,-0.0247918711337487,,,,,,0.01775091753160485
0.08358599059079097,0.013292020835766749,0.0800488611524166,,,,,,,,,,-0.08620065528210219,-0.08672603146977487,,,,,,-0.02381154126334195
-0.05292793643457827,-0.013458472723907988,-0.04885729866984789,,,,,,,,,,0.01720640950779284,0.01796741296729998,,,,,,0.0014359103674372875
0.04245703811748314,0.022667541227846755,0.037834747745346675,,,,,,,,,,0.07527319107817299,0.07473630995325209,,,,,,0.0035979679149917843
0.06399391446485225,0.04789187063066791,0.062257334333938985,,,,,,,,,,0.050677163176182205,0.050852344720386355,,,,,,0.04079518959358008
0.053534031935896564,0.01884832700751815,0.05259564738229017,,,,,,,,,,-0.005270512911391023,-0.005807288571991975,,,-0.007924889085783704,,,0.03120424285694945
0.2753995628022139,0.0575930777045599,0.2793150782216003,,,,,,,,,,0.0726500598391695,0.07325118087782556,,,,,,
0.37034207472342473,0.16635168578791237,0.3726959525632054,,,,,,,,,,0.16639908831429295,0.16684563515267037,,,,,,
0.2225656517445671,0.15016781798132328,0.2035599065986169,,,,,,,,,,0.009903032544512413,0.010542219006048015,,,,,,
0.5623841115564616,0.14993026918845942,0.558080604638441,,,,,,,,,,-0.07412469369373653,-0.07221596179294565,,,,,,
0.632241338669246,0.2106553640815676,0.6407995765459162,,,,,,,,,,-0.10265556359281192,-0.10138719491592951,,,,,,
0.76064940824239,0.3025437406748708,0.7596010325660707,,,,,,,,,,0.007703551644739903,0.006160497039420676,,,,,,
-0.09854337467846008,0.023296752205961724,-0.1109902725717582,,,,,,,,,,-0.045801032295257116,-0.04538933081796159,,,,,,
-0.6061429236728557,-0.29602897571973585,-0.6152264155514757,,,,,,,,,,-0.40893176630616423,-0.40795657996242163,,,,,,
-0.05222429365766956,0.04781257718020626,-0.07381455794143932,,,,,,,,,,-0.01065066927824354,-0.01688252405064894,,,,,,
0.10968041569343967,0.1505078763683052,0.10336696333677864,,,,,,,,,,-0.09090662982010933,-0.08992337453564936,,,,,,
-0.27187227084407084,-0.26096857986901867,-0.2731903966371547,,,,,,,,,,-0.4515546904813359,-0.45004657211733345,,,,,,
-0.4022054916245992,-0.2943534735842839,-0.3993956588896381,,,,,,,,,,-0.12959192925171692,-0.1304712419367462,,,,,,
-0.5477127619954594,-0.15981866089876817,-0.5362553073343044,,,,,,,,,,-0.11922508594756032,-0.11740657487405493,,,,,,-0.05578822603980704
-0.08202273975216201,-0.06815104443562703,-0.08300685412051578,,,,,,,,,,-0.2830015846435483,-0.2814329575570742,,,,,,
0.08261041793336332,0.14211195960688627,0.08473048883813306,,,,,,,,,,-0.11198812934790148,-0.11038227906640152,,,,,,
0.2869625563013578,0.2766098894915672,0.2766180096494928,,,,,,,,,,0.16428207216518054,0.1638114620497806,,,,,,
0.0056952141338193485,0.00022893646342936336,0.001771674744375673,,,,,,,,,,0.011928068926899016,0.012867076571854597,,,0.0019391810542046528,,,0.050088892031926235
0.03598404341133232,0.016925791775936005,0.03357417731730905,,,,,,,,,,0.01858264735599313,0.019403964884908476,,,,,,0.0533367051725282
0.028405038265169935,0.031837816527001905,0.02473966097396385,,,,,,,,,,0.04226162950113732,0.044407600535361524,,,,,,0.06652525546043542
0.040190298696771265,0.058003795900166466,0.03993545361150197,,,,,,,,,,0.06764144966701302,0.06812202736361783,,,,,,0.050473453406699065
0.07411448960993283,0.07351759240300737,0.07589527968908527,,,,,,,,,,0.027498268114602098,0.027028332580895764,,,,,,0.005543303987542991
0.10744281502625697,0.10176374441323688,0.10982072549881039,,,,,,,,,,0.012841113978792507,0.013714364160653858,,,,,,-0.018862186854589957
0.138427358654873,0.14999086245676807,0.14194701320080227,,,,,,,,,,-0.019854483622088637,-0.01947634047093949,,,,,,0.02057322321248467
0.17869169363145332,0.15036968746832713,0.17837849181063703,,,,,,,,,,-0.06863261439290902,-0.06918731638647735,,,,,,-0.012008387173251478
0.15848821369672095,0.11980647208472561,0.15611001204134212,,,,,,,,,,-0.09412417104023874,-0.09499900993003862,,,,,,-0.03464684100076987
0.14379561072464142,0.14273203421938518,0.14862184957442892,,,,,,,,,,,,,,,,,0.31062171950628503
-0.043836867315143024,0.06179818997781439,-0.039900290921742965,,,,,,,,,,,,,,,,,0.2152960639924455
0.12949502636908505,0.14448476712282954,0.12858429514180258,,,,,,,,,,0.1355722199045548,0.1337367867139836,,,0.027270099700995587,,,
-0.038202770886098136,-0.06144492796252621,-0.03661132262778111,,,,,,,,,,-0.10233958834946222,-0.10269136054923678,,,-0.00851325596689989,,,-0.025862317721627726
-0.058924419812097284,-0.10683581786513585,-0.059812560426639294,,,,,,,,,,0.002202585216888764,-0.0015501480942781143,,,0.03855986933393929,,,
-0.03358045103674456,-0.08552228802299666,-0.03555515107488105,,,,,,,,,,-0.03620471847106721,-0.03826718753769143,,,0.06126074502330425,,,
-0.053400957985136444,0.07729451845064261,-0.027390908644491674,,,,,,,,,,-0.025706468481965672,-0.02576004286743583,,,,,,
-0.04260446415378638,-0.00835117863238466,-0.04243980518131352,,,,,,,,,,-0.024705538497945767,-0.025175202646765982,,,-0.0017165212615104508,,,0.03697985398799286
-0.0256997198777853,-0.021652857822665794,-0.027215721937576376,,,,,,,,,,-0.026328877501224923,-0.026278520009721973,,,0.004674942596265552,,,0.04097307873527978
0.16148187336141007,0.06940538876769509,0.1651591614901058,,,,,,,,,,0.07693265082266976,0.07716749123339639,,,,,,0.11242809001744103
0.022143341779649717,0.017493182212941605,0.020697663544595457,,,,,,,,,,-0.12222989067648804,-0.1209379397557484,,,,,,-0.058057241575078855
0.12894643543814865,0.05739492269144719,0.13061180135578,,,,,,,,,,0.051266402450748316,0.050930837058384526,,,,,,-0.004619959432689669
0.17019851958515986,0.10089358905086598,0.16789045604603814,,,,,,,,,,-0.04969677220043067,-0.04945587738661317,,,,,,-0.0842791050544287
0.1279468924116678,0.08137324416713199,0.12346331338402905,,,,,,,,,,-0.15285327953436578,-0.1538503955498456,,,,,,-0.1333006599364568
0.09962647641886946,0.06752453000531844,0.09758257719004249,,,,,,,,,,-0.1447228962362086,-0.14559671514700412,,,,,,-0.07451925485428124
-0.006112809774744932,0.0009236917204127337,-0.007495981980866873,,,,,,,,,,-0.15603361046176367,-0.15684070338775413,,,,,,-0.1294216877545642
0.06461751663860582,0.021159500510506746,0.061579693476875974,,,,,,,,,,-0.11824752898851187,-0.11871842578502267,,,,,,-0.13589665082541735
0.12488994052105085,0.02558727315452458,0.12132017327804334,,,,,,,,,,-0.022156233963750438,-0.021538357328294566,,,,,,-0.06502669611802148
0.14193630841204552,0.037736836000032525,0.14343915333406443,,,,,,,,,,0.08647663608878098,0.08554675165736647,,,,,,0.04581456193594047
0.07041687372111838,0.041311270486176,0.07346207158710882,,,,,,,,,,0.11169387755668048,0.11017212468359894,,,,,,0.07671538162230362
-0.0032989120366693214,0.010165912569771507,2.1217806178697174e-05,,,,,,,,,,0.091763076131123,0.09270215328971254,,,,,,0.10906436057107616
-0.03490970606071642,-0.005599853985966519,-0.03524319251937058,,,,,,,,,,-0.01087265228961165,-0.011208518784881605,,,-0.01319151914244543,,,0.05322687294335271
0.9420117273195352,0.5178134857877978,0.9400788586845543,,,,,,,,,,0.30053115900361504,0.3012835744007383,,,,,,0.184385379618889
0.684194878548734,0.2979359129988097,0.6814620352461027,,,,,,,,,,0.1336431019836848,0.13219714729562249,,,,,,
0.05774696940788715,0.12759346725031406,0.0594254497521014,,,,0.051497755856904526,,,,,,-0.01816008238743727,-0.012709635923870977,,,,0.16107860928912077,,-0.030929155746955317
0.0888638970510911,-0.005950856547276118,0.0867656359250013,,,,,,,,,,0.0011026778690119698,0.002044361525076255,,,,,,-0.026677290065981296
0.014774959816030275,-0.05014398887249172,0.01510780811977952,,,,,,,,,,-0.018965163501709625,-0.017689064042421876,,,0.0014934749450983276,,,-0.021129135895065154
0.03149243825654935,-0.05524314359435323,0.032233361419031326,,,,,,,,,,-0.0369383862410988,-0.03693855726099571,,,,,,-0.05600187352460395
0.12953245807713643,0.0067589058260182355,0.13083958061288214,,,,,,,,,,0.007187118312018015,0.0056637657201079605,,,,,,-0.04959773227341113
0.1322240665031451,0.010524348779608061,0.13380746119999287,,,,,,,,,,-0.01103461459443622,-0.011462603255226966,,,,,,-0.04455803635295741
0.3777176408740104,0.2937411344227172,0.375507289172873,,,,,,,,,,0.17954035250279965,0.1780059361434354,,,0.005524741156847313,,,
0.4024255471732978,0.3397459195764725,0.4013080888022742,,,,,,,,,,0.27824978483430485,0.2769389395104689,,,,,,
0.4018276431723997,0.3594832462910844,0.3938049797311045,,,,,,,,,,0.3035786555427791,0.3016496930189554,,,,,,
0.25647726981874897,0.3223118196511656,0.25682759336743644,,,,,,,,,,0.39880586239659443,0.40059338559207625,,,,,,
-0.183357722892854,-0.018250929038202912,-0.16302150346650635,,,,,,,,,,0.13723099554755258,0.1364963851572476,,,,,,
-0.016807217438405075,0.10969859773534552,-0.0029409517920413464,,,,,,,,,,0.2587267842787977,0.2606552447373467,,,,,,
0.23934725025086578,0.20666948208939218,0.2448105250655921,,,,,,,,,,0.2627034424845185,0.2663694745410172,,,,,,
0.38586974322950596,0.18599104134411704,0.38363023194065704,,,,,,,,,,0.1614401914506871,0.16571365082547018,,,-0.010704889012698615,,,
0.38917152238164476,0.22449906762175686,0.3866189709041059,,,,,,,,,,0.19325247759390152,0.19565483368110215,,,-0.01585103165064794,,,
0.2638052299078062,0.17724799841882088,0.2606451320289196,,,,,,,,,,0.15624041077742667,0.15643845532459366,,,-0.020295226706716463,,,
0.2821021679890521,0.2314969022996003,0.28121266473055684,,,,,,,,,,0.21860274422798653,0.21860044943135826,,,,,,
0.2197701237492673,0.18164552213059082,0.21607388051097232,,,,,,,,,,0.13125357746485022,0.12971922723290596,,,-0.026773430306548107,,,
0.1605640663031842,0.1145018258208168,0.1626771962061042,,,,,,,,,,0.1053989949393106,0.1061551496464812,,,,,,
0.163872412038522,0.10875796237402824,0.16856121113227474,,,,,,,,,,0.15511196086742807,0.15510682156132027,,,,,,
0.1717398375647896,0.12287096274100762,0.1742264609505817,,,,,,,,,,0.1698249296339558,0.16911898166844352,,,,,,
0.22203720206371003,0.14835227784936578,0.21284648506873793,,,,,,,,,,0.07509769709292335,0.07277004259199238,,,-0.01767906070414149,,,
0.16255015459082145,0.11753712037485187,0.15837608038331297,,,,,,,,,,0.009387547483507674,0.010143216643081487,,,0.0016935039995775725,,,
0.12265853518863779,0.09323755028866643,0.12169385276538591,,,,,,,,,,-0.002282425031072677,-0.0014371566206268227,,,0.01160549484958473,,,
0.12603403057635987,0.09522894966386986,0.12495882100300548,,,,,,,,,,-0.003070756839328226,-0.002491677647357804,,,0.010631952715552728,,,
-0.1524688374861185,-0.15891299524821534,-0.1522747683144665,,,,,,,,,,-0.13672385024865186,-0.137601032936292,,,,,,-0.0780820611482671
-0.1408403061642609,-0.2230289744576872,-0.13785808553934586,,,,,,,,,,-0.6200539350818897,-0.620880921812903,,,-0.052636842720803045,,,
0.13854980273611517,-0.15794332393048904,0.1373207177974045,,,,,,,,,,-0.4203887242277009,-0.4090097830512782,,,,,,
-0.2936431150985861,-0.2380372079641333,-0.28468693479753426,,,,,,,,,,-0.5726381031924657,-0.5845860836142194,,,-0.040526908141895746,,,
-0.1094337585385432,-0.17259199938719405,-0.1101919473592119,,,,,,,,,,-0.5643410590133335,-0.5624373488045187,,,-0.07196127347103953,,,
0.0668887141761978,-0.0798487839587203,0.06509528481296911,,,,,,,,,,-0.36850316330574096,-0.36600253076957223,,,,,,
0.020008907583036972,-0.056238857642767925,0.016612176695225855,,,,,,,,,,-0.30111405937730495,-0.2991215799268776,,,-0.07485200152434857,,,
0.009458498892001899,-0.01221574671687975,0.009865656692738867,,,,,,,,,,-0.06257676290369218,-0.06069895187049923,,,-0.008646156436828534,,,
0.10852398732399493,0.09924082202757134,0.09767852733559934,,,,,,,,,,-0.0019993450018098713,-0.004190929659769083,,,-0.06682522351607112,,,0.007053886970213696
0.2085067569536534,0.13066948537325374,0.2038830132359557,,,,,,,,,,0.019302408361690837,0.01976496261799987,,,-0.040359612714677695,,,
0.39278134638962214,0.2111760089172776,0.38577609053759687,,,,,,,,,,0.0632332680778962,0.06321200453142417,,,-0.009601852023509494,,,
0.5287130557099893,0.2755749539365162,0.5216996146070549,,,,,,,,,,0.07478016741714733,0.07350797376216711,,,-0.0031823393030130376,,,
0.6555153442163082,0.33741968374442166,0.6561494985454566,,,,,,,,,,0.10185781302305763,0.103068244955141,,,,,,
0.5626980960692372,0.3310702130870169,0.5748785148173035,,,,,,,,,,0.0367047070201405,0.036238722436111814,,,,,,
0.41273318786570456,0.22901114506578324,0.40724911372127437,,,,,,,,,,0.09483589075882115,0.09414486956896617,,,,,,
-0.05530539978378357,0.00528975497985229,-0.0564098291638544,,,,,,,,,,0.1189081047281988,0.12025068976134534,,,0.051682368950309865,,,
-0.17427165469434414,0.004328495115831998,-0.15359175852170992,,,,,,,,,,0.09256755060152422,0.09191973591203251,,,,,,0.04646498803375465
-0.9926948725983671,-0.9581243369978054,-1.0004321014525779,,,,,,,,,,-1.2296025408727163,,,,,,,
0.6868955627070079,-0.01523587119539016,0.6865592274688659,,,,,,,,,,0.14407155390686022,0.1465129621003829,,,,,,
-0.24202215151017725,0.005911790628022828,-0.25249493420256997,,,,,,,,,,-0.24107916374746274,-0.23918787739018832,,,,,,
-0.5217985483301035,-0.1541794675770909,-0.5313958495990043,,,,,,,,,,0.16914136560209325,,,,,,,
-0.3496906170270293,-0.12672223808843341,-0.34172079570424074,,,,,,,,,,-0.21698920339347616,-0.21327185660137538,,,,,,
-0.058902081528650285,-0.05025559473292063,-0.06361348304996284,,,,,,,,,,0.2543786493061244,0.2537029322734554,,,,,,
0.5122982890640166,0.24961547999685862,0.5179494246562051,,,,,,,,,,0.14504518225753404,0.14600944048487996,,,0.014781822734725836,,,0.20495409630066508
0.4902339469842012,0.06343328298269313,0.4974420236035151,,,,,,,,,,-0.3486178134380866,-0.34921037893379125,,,,,,-0.07410098416721311
0.48703953944290035,0.026156149909038362,0.4847665926007565,,,,,,,,,,0.03353914000968583,0.03455918982894168,,,-0.03398996982578417,,,0.1261652336473995
-0.1930891191608275,-0.03668285133146476,-0.19431594810496833,,,,,,,,,,0.14937206434290573,0.15088488501952657,,,-0.05587944641300879,-0.018280217404113452,,0.02253193943129439
0.3130256117116055,-0.09682844540927604,0.3077032527021011,,,,,,,,,,-0.2515358903118292,-0.2512336807852904,,,0.016965975450389692,,,-0.3353915041705253
0.33190368956769234,-0.013202999991481335,0.3193706252892703,,,,,,,,,,-0.2623317170707242,-0.26057539106421235,,,-0.03820817396927367,,,-0.13113626970407743
0.3200420201678824,-0.1225555972506136,0.31417641445911926,,,,,,,,,,-0.13395627294223011,-0.13424552325432693,,,-0.014387733246724821,,,-0.23977277064536207
0.44878490015864614,-0.01590296702844185,0.4468905319798111,,,,,,,,,,-0.0981716429838988,-0.09942191058929328,,,-0.03266851146287841,,,-0.05204752101622301
0.6304069427994037,0.4129806530521982,0.6251444402104447,,,,,,,,,,0.11893217723596017,0.11710017729553002,,,,,,0.15018603229794092
0.3578426785421023,0.24256127975993635,0.3602421158009932,,,,,,,,,,0.10886592451910282,0.10905952137416719,,,,,,0.12423239194624447
0.47231422935188405,0.3112225326134421,0.4727552085928899,,,,,,,,,,0.08455732261761284,0.08306747442280304,,,,,,0.12096677178003645
-0.2191063244724809,-0.01746211116998353,-0.21600660055915455,,,,,,,,,,0.06473524331365788,0.06378121724857166,,,,,,0.1303232040343394
0.042269408304232314,0.025919228650000292,0.03466817905549746,,,,,,,,,,-0.14326374721672686,-0.14571210813736624,,,,,,-0.15099461258378444
0.21320797197725483,0.1931332807380315,0.21273092817095574,,,,,,,,,,0.07449035336729004,0.07395723716354574,,,,,,0.20372766495387307
-0.33999648824080353,-0.023934316703780212,-0.34019388388245275,,,,,,,,,,0.13860330405389654,0.13806969116820866,,,,,,0.11475364361134943
0.6165042821670319,0.36682587086476914,0.6124079029386351,,,,,,,,,,0.006415432188694226,0.005934310723063163,,,,,,0.043417291925824664
0.05499305090393136,0.009927336343395154,0.05875621116152985,,,,,,,,,,0.03120358122529865,0.033527125935462365,,,,,,-0.005150499195348601
0.6935616536596001,0.3380582367171705,0.6903689858290285,,,,,,,,,,0.31310837505908573,0.3102026717010986,,,0.009563144074590468,,,0.05833084345158657
0.7468174837556738,0.2950024144625054,0.7537139737527312,,,,,,,,,,0.17243371525964335,0.17243143315514153,,,0.0570264694985223,,,0.0012701121046170272
0.48208831130037666,0.2501532055502267,0.48129766595523193,,,,,,,,,,0.0731355343473048,0.07430695856342417,,,,,,0.015305436193274957
0.6012491289031985,0.3187982847314146,0.6044715429453333,,,,,,,,,,0.21001025352408131,0.21167152659542676,,,,,,0.10575051210258479
,,,,,,,,,,,,,,,,,,,
0.14644050214251436,0.15853092591595086,0.13480541504001664,,,,,,,,,,0.22038147699402,0.21822430247552482,,,,0.198057021551573,,0.15024589185365755
0.43831992511332984,0.2441944139272394,0.436612385216673,,,,,,,,,,0.2769072656738425,0.27545979476318827,,,,,,0.07116675066371148
0.32337882308962307,,0.3245798282695809,,,,,,,,,,0.03359111776375645,0.028547558054593303,,,,,,0.05165328521561019
0.2753080257205589,,0.2735677579136393,,,,,,,,,,0.00597205974699655,0.009767811831849826,,,,,,0.04406297098037193
0.33402924489286434,0.21781635821411882,0.33680513366056175,,,,,,,,,,0.0812515169187229,0.08130203781076517,,,,,,0.06424390977537442
0.19699673409703067,-0.0036774810147761627,0.1909368390030295,,,,,,,,,,-0.02154263490752939,-0.024092939051646667,,,,,,-0.14693070768188754
0.12381903938008776,0.10908324487429866,0.107912511806596,,,,,,,,,,,,,,,,,-0.008832490823016848
0.3543661995415981,0.041047895733804296,0.3499904721039968,,,,,,,,,,-0.03629972701969386,-0.038933023565073555,,,,,,
-0.11567151149407096,0.17286058231970713,-0.10853065746406543,,,,,,,,,,-0.09449092515682267,-0.09419635495877188,,,,,,
-0.09907881681980157,0.10360315816506471,-0.0970512349360888,,,,,,,,,,-0.056155195649095546,-0.055984388040636546,,,,,,
-0.0775466382300678,-0.02782501642807489,-0.07782256270142796,,,,,,,,,,0.011693953584851258,0.013842898477671284,,,,,,
-0.42080697865193173,-0.08353215397534441,-0.42523996101276396,,,,,,,,,,-0.09377590840392713,-0.09377154814797173,,,0.008987115629137676,,,-0.07883282530636126
-0.21585090374621885,0.06331319667012636,-0.22922264075276289,,,,,,,,,,0.04307721182906299,0.04499763328146322,,,0.005681294620334398,,,-0.08813720735223018
0.04075858369169083,-0.11706390105854325,0.04315718068085417,,,,,,,,,,-0.24075861242781826,-0.24144931543068893,,,,,,-0.09572663826087702
0.5397621397508843,0.20487341613848287,0.5451967066731882,,,,,,,,,,0.07445589369311634,0.07698501254674106,,,,,,
-0.2799005752389334,-0.09707294320765314,-0.2813589811000874,,,,,,,,,,-0.02333825016227209,-0.021536371896722528,,,,,,
-0.03079145180003451,0.29745550299499257,-0.03206998706308184,,,,,,,,,,0.38592266810901243,0.38556370151442465,,,,,,0.10755607079785445
-0.144709579078107,0.21933628240880054,-0.13592004237987965,,,,,,,,,,0.20563948838981005,0.20568386642729308,,,,,,0.08051619727146608
0.016353368844541194,0.22021116611471214,0.01853887858946024,,,,,,,,,,0.2354167218810126,0.23521282732957616,,,,,,0.08095251593203656
-0.027654205042576763,-0.021896483019862245,-0.02713081799187478,,,,,,,,,,0.1180952671676021,0.1197513715142442,,,,,,
-0.13867562579665815,-0.09706340253642409,-0.13771315883911228,,,,,,,,,,-0.1339134782492355,-0.13517681894594524,,,,,,
0.021148493638644794,-0.007726374832738969,0.02052311362499637,,,,,,,,,,-0.05088184934303008,-0.05028229815362373,,,,,,0.08187288963069772
0.0747490049460744,-0.0019840001917579286,0.0734789777018996,,,,,,,,,,-0.10534054951740934,-0.10562992473245991,,,,,,0.0808212543983382
0.6991821926003503,0.42589112855670663,0.694194850768703,,,,,,,,,,0.11366994560076371,0.11059883216561772,,,,,,
-0.008669875751916578,-0.21123297602416713,-0.012045361343691496,,,,,,,,,,-0.3627686323631689,-0.3693566725224109,,,,,,-0.20148268406345515
0.06530948670662795,-0.1025297453164633,0.06685221919067175,,,,,,,,,,-0.21036301008945024,-0.21074067538239838,,,,,,-0.167974656796412
0.4034921289377067,0.1948481916385738,0.40123255169854843,,,,,,,,,,0.10945560005188959,0.10791361352656281,,,,,,0.006044420155570052
0.2272972838493139,0.04979705121919409,0.2220015579663226,,,,,,,,,,-0.02975928112489079,-0.030526125304625396,,,,,,-0.09081236553511296
-0.17409371682184016,0.04778443031596069,-0.16890877547589866,,,,,,,,,,0.005872594163710332,0.004823704103440463,,,,,,
-0.6269382137228661,-0.21657325242838965,-0.6447635507149059,,,,,,,,,,-0.24194597461223744,-0.24366503543356544,,,,,,
-0.16498380478128283,0.0747153705371204,-0.15800647526782896,,,,,,,,,,0.08682714821351567,0.08662493588262343,,,,,,
-0.5822601505164933,-0.11005352572260563,-0.5779320125096241,,,,,,,,,,-0.13314970517092029,-0.13652928937345266,,,,,,
0.2810429573920388,0.09671221514503259,0.2798630670817488,,,,,,,,,,-0.008674838757171344,-0.009144211067271257,,,,,,
0.3239459652643788,0.042267964414421044,0.328504432550897,,,,,,,,,,,,,,,,,-0.017832444491175714
-0.22800648004402646,-0.07250283117490142,-0.22244621132299258,,,,,,,,,,0.058785940153702754,0.05755119552659593,,,,,,-0.0666715721327229
-0.06031789189835379,0.1185414351573506,-0.054323250094004294,,,,,,,,,,,,,,,,,
0.4217724643887024,0.07857887082284165,0.4261350544407847,,,,,,,,,,0.0449695691714993,0.042818085652298166,,,,,,
0.08707696551185506,0.11493536167836638,0.0755851242616501,,,,,,,,,,-0.02033835351678981,-0.020757100661070282,,,,,,
-0.14837854722063426,0.03487564033198254,-0.1361753001010264,,,,,,,,,,,,,,,,,-0.012033817030068228
0.3879966951735838,0.08666886050743017,0.39043286489036433,,,,,,,,,,-0.024597057681212675,-0.025681044517044782,,,,,,
-0.6044169142835152,-0.22292999830249727,-0.6272680700994293,,,,,,,,,,-0.2501973874783996,-0.25122881722621493,,,,,,
0.25995163225199036,0.06210985272183578,0.2515306432996347,,,,,,,,,,,,,,,,,-0.0048068800824241364
0.3702433234816418,0.0608317573949364,0.3814770103500109,,,,,,,,,,0.05038674395068554,0.04774514534323693,,,,,,-0.027821520963090762
0.18284538171676346,0.03564785979473761,0.18517145104710764,,,,,,,,,,,,,,,,,0.030150499585544388
0.25971206170475725,0.06224961804680973,0.2513950738055435,,,,,,,,,,,,,,,,,-0.0036477827363396997
0.32343047694687144,0.041672167653754144,0.3279861329482401,,,,,,,,,,,,,,,,,-0.018380055815945262
-0.07238494174490029,0.0025550856906715325,-0.07300290473294169,,,,,,,,,,0.3592918255869719,0.3597574182424248,,,,,,
0.1695090903802452,0.0674387292955565,0.15836031466510647,,,,,,,,,,,,,,,,,0.00047191239923538575
0.05867738252550936,-0.002536093789355931,0.06533533464691033,,,,,,,,,,,,,,,,,-0.016973342838999095
0.05527326246101438,0.020652220158694945,0.06143996287058684,,,,,,,,,,,,,,,,,
0.23681043024607717,0.008269626117371587,0.243045657676916,,,,,,,,,,-0.14962200557862104,-0.15040159266088615,,,,,,
-0.1784784657066325,-0.017191975948064098,-0.1700915883035954,,,,,,,,,,0.1749755927290071,0.17497264220013875,,,,,,-0.002773618098766306
0.06830104743171717,-0.02130636982642642,0.06754892855899186,,,,,,,,,,-0.13204095384435632,-0.13251253243888073,,,,,,
0.3656070030724372,0.05659538626491667,0.37176988840851877,,,,,,,,,,-0.06418115340516728,-0.06607000610383373,,,,,,
0.09408147348780815,-0.009389774838954423,0.0923582687765574,,,,,,,,,,,,,,,,,0.020885912331050527
-0.029708541444957604,0.022341222764714175,-0.021576948214409697,,,,,,,,,,,,,,,,,
-0.11102116376827098,0.05739909604919902,-0.11984833806877049,,,,,,,,,,,,,,,,,-0.06677530339312199
-0.10835398885512149,-0.0020627442454603795,-0.08229648304296688,,,,,,,,,,,,,,,,,-0.020344022016248964
0.34543500733109767,0.026520987464241585,0.3241624254455928,,,,,,,,,,0.21648663801759227,0.21628980950315757,,,,,,-0.0640599349789559
-0.03720644643418325,-0.09472225590262084,-0.051474375045103216,,,,,,,,,,0.03655048317100018,0.03736222348899254,,,-0.006490752172481962,,,0.06333127384292059
0.46366478602641337,0.3969594112777841,0.47488746260464154,,,,,,,,,,0.14795802042890926,0.14778028366281326,,,0.0174021231331416,,,0.11369730866815786
0.2046189458203571,0.23740087804195298,0.20264917118299763,,,,,,,,,,0.0397924841769548,0.041141192628373346,,,-0.1057559031732147,,,0.12185463546209618
0.8078135869299921,0.3014600023086782,0.7919628392205631,,,,,,,,,,0.2979279022115815,0.29892601852800205,,,-0.013381869790530132,,,0.3703389209500063
0.39964319166916695,0.04430958518284456,0.3985355662967862,,,,,,,,,,-0.12393129831432503,-0.12400357960204644,,,-0.019822675300986248,,,
0.6478189391237166,0.3518388312552432,0.6477061017359205,,,,,,,,,,0.1150179820234758,0.11423430305470994,,,-0.028326619914059492,,,
0.20459124848325771,0.2615850027408939,0.2212341013092498,,,,,,,,,,0.1534355999685708,0.1525879784938695,,,0.046525680265160574,,,0.11904173185581257
0.1757046330025922,0.16210176104104335,0.17865584298920467,,,,,,,,,,0.14012437208881323,0.13843840998761436,,,0.0051640461382937985,,,0.11333770738401494
0.8070232473475158,0.44284362145524625,0.8043876338057103,,,,,,,,,,0.2768750087716807,0.2765173417506279,,,-0.0025181583758993042,,,0.2990460772161052
0.16039733121305133,0.24360297734651937,0.17691150573287118,,,,,,,,,,0.15470232362796565,0.1538212305583624,,,0.050349214413035526,,,0.11385907547142082
0.11120439649242897,0.1342204029254095,0.1285924859551919,,,,,,,,,,0.08536017369701199,0.08377146032930582,,,0.007882525808801333,,,0.07950470708113055
0.3451626461804622,0.23545892700779802,0.34005720447489196,,,,,,,,,,-0.06055992481940464,-0.059207733675588514,,,-0.06698271496726349,,,0.028066259993806852
0.36743938617447114,0.24916274494659518,0.3793694999147448,,,,,,,,,,0.1021521638356635,0.10109715261391017,,,0.06271298617738097,,,0.08239558382748946
0.630662387622575,0.11289196905792487,0.6212753858814928,,,,,,,,,,0.018919033159644272,0.019918963432656867,,,,,,
0.4767737319738252,0.3120823512647952,0.4832910039340561,,,,,,,,,,0.08110966092263716,0.08435851088536594,,,0.022395648212807373,,,0.15057820804037192
0.8319005096420682,0.3312537003463838,0.8305706982043048,,,,,,,,,,0.17408665678805058,0.17313189408982588,,,-0.02387572047493336,,,
0.34545763158066833,0.2698909455733869,0.3645910253502542,,,,,,,,,,-0.010710219458976766,-0.0080090472402361,,,0.01187437468800745,,,0.01950041078623066
0.4144401399672972,0.29581377214743654,0.4111167446019941,,,,,,,,,,-0.005639572247327251,-0.0042934670600711655,,,-0.03434880734148393,,,
0.16432937307326867,0.06879859468729066,0.15955015538188633,,,,,,,,,,-0.11212857527582898,-0.11167883713957849,,,,,,-0.0181428999086517
0.2524026395079062,0.009922391406863795,0.24635653158214765,,,,,,,,,,-0.11102098612237654,-0.11107872815930264,,,,,,
0.678537842334201,0.18471631785170928,0.6759799231929087,,,,,,,,,,-0.022057719508321583,-0.021499922902226132,,,,,,
0.683342416037398,0.3643556976984037,0.6873296500086497,,,,,,,,,,0.2878810844883688,0.2875384437955031,,,-0.01983860472636856,,,0.23886850617421906
0.6710525719925862,0.44010929175211544,0.6837230892351194,,,,,,,,,,0.1454852668325639,0.14706937250206664,,,0.013219589130368803,,,0.15977949979764805
0.15889565467167444,0.2331400742998646,0.17449027470226852,,,,,,,,,,0.12039015329305158,0.11958558915906714,,,0.10263123957853004,,,0.0796490528222158
0.595496937490978,0.38573870299551416,0.6015685836876408,,,,,,,,,,0.21688783159835268,0.2160401536427674,,,-0.017192434901197373,,,0.16118305024395507
0.45434356016515665,0.3044288827677821,0.4719508605408862,,,,,,,,,,0.11514578712842649,0.11337895933821507,,,0.0010046462600641348,,,0.1097487862933546
0.553859371639998,0.27223662469847376,0.5374376778583638,,,,,,,,,,0.19809586238063126,0.19799806108435902,,,0.0026757472981344677,,,0.27582351572308017
0.43940269870024906,0.35983615186781037,0.4362272025233018,,,,,,,,,,0.043332387094304536,0.043132579464488785,,,0.020869407753622227,,,0.06251781605339257
-0.16234469296437837,-0.17816906120217268,-0.16960910431469856,,,,,,,,,,-0.03806201897436878,-0.03575517532261685,,,-0.015474059855650424,,,-0.01283400818034508
0.34750674042224006,0.022728977362003633,0.33364432669638333,,,,,,,,,,0.0867692851193258,0.08765069326138786,,,-0.006450863228396386,,,
0.5958774927949975,0.38598840798408673,0.6018993516033362,,,,,,,,,,0.21684740758975884,0.21600960560645177,,,-0.017243870856365362,,,0.16121644121788048
0.48541308737758726,0.3700405578567221,0.48050028766671815,,,,,,,,,,0.017194009260265375,0.017903236618648677,,,-0.023185936628019377,,,0.06680992566428934
,-0.29099297836894067,,,,,,,,,,,,,,,,,,-0.09850494359591622
,-0.005896655388713867,,,,,,,,,,,,,,,,,,0.010106174599026296
,-0.04257402724339521,,,,,,,,,,,,,,,,,,-0.0021240963984787697
,-0.08627328424802805,,,,,,,,,,,,,,,,,,-0.03494914400657301
,-0.26034009533784186,,,,,,,,,,,,,,,,,,-0.09332732889402262
,-0.08712145418480688,,,,,,,,,,,,,,,,,,-0.03480462387563499
-0.0069092524815950185,0.08458421792422577,-0.011428099128153235,,,,,,,,,,0.008151243464553204,0.011819984505999415,,,,,,
-0.15329956969753056,-0.07320794169607936,-0.13987043351981754,,,,,,,,,,0.08460104209952313,0.08500816814412104,,,,,,0.007104749471965377
0.04969196697638978,-0.07525354676800333,0.0359030974011425,,,,,,,,,,-0.3709026772119106,-0.3706033056237441,,,,,,
-0.3172262796558911,0.006417055656100956,-0.3101117774567399,,,,,,,,,,0.0387402900250553,0.03786535618130138,,,,,,
0.17472135621419582,-0.005504633423235816,0.16389961291046617,,,,,,,,,,-0.14226767400761808,-0.14091739716318052,,,,,,
0.2216415865884649,0.18251409310704148,0.2324358781456226,,,,,,,,,,-0.0029506225315110157,-0.0031491019221459027,,,,,,
0.28454293349313886,0.10602069033895134,0.2804867028175906,,,,,,,,,,0.06119606115861487,0.06260424376779561,,,,,,
0.5576738403722601,0.2536174089762788,0.5604216094871823,,,,,,,,,,-0.07172628722407204,-0.070905867439361,,,,,,
-0.006849383131651621,-0.048582926234402635,-0.01709235378671181,,,,,,,,,,-0.1262301095219076,-0.12494574061333985,,,,,,
0.28923252045292003,0.04576078776588588,0.2798053811299823,,,,,,,,,,-0.30016771382795504,-0.2998941575564942,,,,,,
0.4900152384705194,0.23130033814365802,0.49265617962537434,,,,,,,,,,-0.04976618911187103,-0.049483339006108906,,,,,,
-0.07633658734045667,0.1441779333747455,-0.06577646212164368,,,,,,,,,,0.05578801730669625,0.05538580349821132,,,,,,0.07201650454632968
0.42790414081160577,0.2021776698667992,0.431550444814512,,,,,,,,,,-0.009382843459196266,-0.00854718051953185,,,,,,
0.15286404154113953,-0.026938225593855947,0.14682323497013883,,,,,,,,,,-0.15745906775244833,-0.15699370465751805,,,,,,-0.0326345869748943
0.015501078052832185,-0.018350517190956595,0.00740367073882453,,,,,,,,,,-0.0549653188488648,-0.05355409603171424,,,,,,
-0.26321120094662476,0.1067067835290878,-0.25499046285306903,,,,,,,,,,0.16613783237330537,0.16879141987841706,,,,,,0.08066876511808907
0.11334391127614296,0.09353039630520854,0.12308019287508287,,,,,,,,,,-0.019430112921151377,-0.01954976177469625,,,,,,
0.5703539914676661,0.21594499498181108,0.5642876853173178,,,,,,,,,,-0.12595396752122134,-0.123800548782393,,,,,,
0.207378301202084,0.1011775526317038,0.21378132128615945,,,,,,,,,,0.009672429247764569,0.010006262947349853,,,,,,
0.19781551328313185,0.10105888188031642,0.1931989119991684,,,,,,,,,,0.18850727986618843,0.18763602306249894,,,,,,
0.3267496796495095,0.17749407020097863,0.33523015465721784,,,,,,,,,,-0.00703440567668423,-0.00670143379435828,,,,,,
0.0658261646189402,0.03089803768594379,0.06125529777726513,,,,,,,,,,0.05592159756071169,0.057266055292711115,,,,,,
0.2390252834281803,0.03406242711420049,0.2154807517732884,,,,,,,,,,-0.30496721234939095,-0.3034961005078678,,,,,,
-0.19838286065666466,-0.15398252691548464,-0.21231307346220163,,,,,,,,,,-0.3036728767659227,-0.3023821505332016,,,,,,
0.550920466935608,0.22720717504256172,0.5528121474115899,,,,,,,,,,-0.07068358682029263,-0.07008681094208313,,,,,,
0.1876526980883355,0.02632495144186464,0.17927254494152578,,,,,,,,,,-0.2227988316978422,-0.22131105923685368,,,,,,
0.3456850686063575,0.10884655216051442,0.34109796791526037,,,,,,,,,,-0.14643202449556902,-0.1449022451663673,,,,,,
0.12369871976005697,0.05937294177982366,0.11585279264243198,,,,,,,,,,0.12043133863597077,0.12053693388699749,,,,,,
0.4190674466382269,0.07766344486886112,0.3995584727055679,,,,,,,,,,-0.21484659662942818,-0.2141408675908938,,,,,,
-0.18195816284427835,-0.12414374847387322,-0.18070261221521733,,,,,,,,,,-0.19642679202705438,-0.195038412657226,,,,,,
0.13044007917401146,0.03534161447585049,0.12540968503938643,,,,,,,,,,0.009964450617303555,0.008486262716992599,,,,,,
0.42576874554794486,0.13557333464066446,0.4226023334736482,,,,,,,,,,-0.0031669977718973286,-0.001264125438130037,,,,,,
0.14673939115569468,-0.09722652481673322,0.13942808830775277,,,,,,,,,,-0.22183865229446376,-0.22119008240970217,,,,,,
0.24427558893769685,0.009754237634574281,0.23195518008879645,,,,,,,,,,-0.13640423297764137,-0.13471946899986165,,,,,,
0.5096826515598032,0.28912151680909304,0.5065863640170427,,,,,,,,,,0.20391961231449152,0.20461255815454926,,,,,,0.09858623222703677
0.1901974763330614,0.18570773341960845,0.19625831327885734,,,,,,,,,,0.13798117458284587,0.1377470950111519,,,,,,0.06125058876829037
0.33622375125407444,0.12634087798866034,0.3257044263869098,,,,,,,,,,-0.006954422471601163,-0.004962366980251431,,,,,,
-0.5748314112234993,-0.3022911270698092,-0.5787697479981766,,,,,,,,,,-0.12898955771881937,-0.12721050061315076,,,,,,-0.10441919534061661
-0.3296516612450837,-0.22446294301434655,-0.354259534028877,,,,,,,,,,-0.1816641879258274,-0.17939795441951212,,,,,,-0.13411576558045457
-0.03434190539572057,0.11493253730854036,-0.03682025317302973,,,,,,,,,,-0.04775088709858544,-0.04580075364085978,,,0.06541991279506654,,,-0.0710777781737324
-0.7028797597830057,-0.2852531284157269,-0.7027789117382426,,,,,,,,,,-0.2780016942547814,-0.27514032082073747,,,0.009921160480947933,,,
-0.22331150631887553,0.14879238377572435,-0.22046364425010267,,,,,,,,,,-0.1492713859266317,-0.14708698974171242,,,0.05810089869283708,,,-0.06664551054001411
0.3389441231099255,0.16499172418911456,0.3432356280118718,,,,,,,,,,0.011483371085100558,0.013992713388624622,,,,,,-0.004934718945896144
0.2551363785162195,0.22337918773412824,0.2670000119474203,,,,,,,,,,0.06041725392978314,0.06146675999040063,,,,,,
0.08623002163973936,0.1983475091281619,0.09918636530553115,,,,,,,,,,0.050770915092250846,0.050564887409155546,,,,,,0.05425301605472033
-0.16571578174758272,-0.13988683113765532,-0.17623148962988466,,,,,,,,,,-0.030017407021020404,-0.030366841176689974,,,,,,
0.15419137056337462,0.034532549139564495,0.15991538914855497,,,,,,,,,,,,,,,,,0.05137284395133612
-0.02569910569011924,0.17932744623691832,-0.022488365313837022,,,,,,,,,,0.0046509490995791936,0.004253435784287163,,,,,,
0.10448484450115458,0.2545407021670165,0.11181766653150049,,,,,,,,,,0.10761910647678796,0.10638148003637937,,,,,,
0.1413073795619617,0.40596565213516556,0.1467407563370351,,,,,,,,,,0.36078517018049006,0.35963307680958856,,,,,,
-0.04315996383183318,0.21483595450989057,-0.03706741252942081,,,,,,,,,,0.22007698177640656,0.21874692418442976,,,,,,
0.11287455764999166,0.2269547597398507,0.10555886299937,,,,,,,,,,0.06835364266169996,0.06702863167152628,,,,,,
-0.2540284879813761,0.026085607246475462,-0.24245545758721931,,,,,,,,,,0.03309779250934497,0.032427305782029237,,,,,,0.06306268476299959
0.02180962091192029,0.22828942481866932,0.027874992180237257,,,,,,,,,,0.0007767043242488114,0.0004879968445692384,,,,,,
0.12029824366343433,0.24676758600088888,0.11526390475669857,,,,,,,,,,0.11270310890796154,0.11021928680726134,,,,,,
0.02299875366360382,0.1728258441129995,0.016597767786517892,,,,,,,,,,0.026452888516347528,0.026133134054544982,,,,,,
0.17053479470600763,0.14590195137179052,0.18057281525603486,,,,,,,,,,0.05915431293611917,0.06001829652244517,,,-0.01595668192805988,,,
-0.2295923462825975,0.24124917941912116,-0.21427455740213475,,,,,,,,,,-0.04132240547862409,-0.04171975107815307,,,,,,0.034923658253411816
0.521936292676326,0.24907130803463318,0.5271841379602975,,,,,,,,,,0.1509694384742577,0.14579117986536083,,,,,,
-0.033273754341184514,0.28743743014587153,-0.02796862665505273,,,,,,,,,,0.07488498639593288,0.07476997978636923,,,,,,
0.1830657783933738,0.18115612813636162,0.17907966631474892,,,,,,,,,,-0.03824599954975305,-0.03950510961779763,,,,,,
-0.14923050284523853,0.12483728557717555,-0.1455290242825491,,,,,,,,,,0.14565648865576186,0.1465154442087684,,,,,,
,0.06521160687668726,,,,,,,,,,,,,,,,,,-0.010963169149291296
0.1997224952857799,0.04261115492234069,0.18584168473219265,,,,,,,,,,0.13971417002515452,0.1408138457247503,,,,,,
0.1882737908584815,0.23583332757986142,0.19621190712355485,,,,,,,,,,-0.008598123328093621,-0.008399310476175259,,,,,,
0.3726485666513817,0.023871737879105126,0.3690831171198674,,,,,,,,,,0.12064107883854369,0.12228535556039866,,,,,,
0.17783268394098428,0.23131500645889602,0.18036155624791306,,,,,,,,,,-0.018306848453143232,-0.018827152289647486,,,,,,
0.34741965640522565,0.3251008363158512,0.3583084467898132,,,,,,,,,,0.2340631210934312,0.2335393285433387,,,,,,
-0.08627661760765193,0.18527168585334053,-0.08250996856012094,,,,,,,,,,0.12685915863226427,0.12618710275642364,,,,,,
0.02652509378902934,0.20860094509359328,0.03934385669062479,,,,,,,,,,0.09626230019683746,0.0904343830286507,,,,,,
-0.14018920638860521,0.28312387850492016,-0.1304063703478029,,,,,,,,,,0.05053637603595895,0.050132180260472836,,,,,,0.07213856968624732
0.038135697406641356,-0.1874271719100733,0.044515143693615755,,,,,,,,,,-0.29828724261252226,-0.29681706024579135,,,,,,
0.15347631356153713,0.17161244008779164,0.15038976379575075,,,,,,,,,,-0.03140405517027034,-0.032853858804466896,,,,,,
0.22598999061832714,0.06910806959206539,0.2121886417546719,,,,,,,,,,0.17796944851122554,0.1797938712728726,,,,,,
0.2929027700621063,0.25596192168036325,0.31076229548461143,,,,,,,,,,0.054711367742315886,0.054423497343183413,,,,,,
0.46826148215467356,0.4792146248629905,0.4674343570566215,,,,,,,,,,0.3766726299599483,0.37761489575954066,,,,,,
-0.10112134195719591,0.14107693885022243,-0.08664532734785624,,,,,,,,,,-0.03568080450380329,-0.03576030472746794,,,,,,
0.06041894116856028,0.21581840700528687,0.04586017491156724,,,,,,,,,,0.12584560117972643,0.12600599445599414,,,,,,
-0.017949512930709233,0.28175355194930773,-0.020827974133268867,,,,,,,,,,0.1632766674582502,0.16321098109111176,,,,,,
0.10294085870824077,-0.010609810565274103,0.11758767049903796,,,,,,,,,,0.09617033942641307,0.09533671669549548,,,,,,-0.04551087478152027
-0.17339390322435122,0.12559430699081986,-0.1702479759543607,,,,,,,,,,0.059392485137731654,0.059045716802190285,,,,,,
0.371034883799755,0.2939039563222643,0.3789129824027917,,,,,,,,,,0.18943273335052702,0.18814392968564775,,,,,,
0.05323978416999964,0.14371650155589677,0.06079020936645918,,,,,,,,,,0.06527302981120897,0.06580203416645425,,,,,,0.06711568505056054
0.042173196938570356,0.33696767150154017,0.04131569310469985,,,,,,,,,,0.31120680276498547,0.31015063013625976,,,,,,
0.08020900159556277,0.22380000441851422,0.06866867027070356,,,,,,,,,,0.2248580323820999,0.22278809730647176,,,,,,
0.3892407078420774,0.2582346361574359,0.3947695842416792,,,,,,,,,,0.1357651747327182,0.12939846677681643,,,,,,
0.5579358519165183,0.2458507024824108,0.5542098600475249,,,,,,,,,,0.16053676458499666,0.1587291092387435,,,,,,
0.18873569140142266,0.022851780476440098,0.21375353644615913,,,,,,,,,,-0.028526708171394688,-0.028119387622311365,,,,,,0.033963109575331885
0.02176952696716583,0.33675551530709313,0.032905992867913625,,,,,,,,,,0.25714565527131406,0.2571463870003079,,,,,,
0.04923743158965621,0.22337626921799014,0.04696868631690165,,,,,,,,,,0.19277436420632021,0.1920534899826638,,,0.0007010159628695334,,,
0.3664159560821645,0.3630608342399064,0.3643536350098451,,,,,,,,,,0.3154860580608698,0.3167186925821621,,,,,,
0.5208042716961643,0.19263416699526204,0.5259671401964425,,,,,,,,,,0.07971220231976517,0.07988523910263012,,,,,,
0.17284957340726947,0.21123079751983198,0.17493096469591762,,,,,,,,,,-0.0006682133020650127,0.00017961545749933805,,,,,,
0.15440489063516338,0.44480573581488514,0.16530419036681465,,,,,,,,,,0.39160659616704585,0.391606888050017,,,,,,
0.14964407285929582,0.2654831392311756,0.14951922726301703,,,,,,,,,,0.28155568323154156,0.2809573664952403,,,,,,
0.5268524222793829,-0.10075189771859527,0.5359116547860978,,,,,,,,,,0.047507837662177366,0.047678864966988144,,,,,,
0.03205346988350044,0.37337364930499817,0.035595331670538854,,,,,,,,,,0.32028401499967174,0.32021804464271497,,,,,,
0.15937273061058477,0.17848828777041348,0.15656774457700706,,,,,,,,,,-0.020164416415488162,-0.02195521836235237,,,,,,
0.18934975599514914,0.18180725673777332,0.1965819955614272,,,,,,,,,,0.14019197539935213,0.14088418665162905,,,,,,
-0.040298917494105524,0.019887288856590857,-0.02051211420065968,,,,,,,,,,0.21298809814220476,0.21648170752108697,,,,,,
0.5653772694089021,0.1809863206348794,0.5560211714667069,,,,,,,,,,-0.01349389609100804,-0.01831672054269795,,,,,,
0.48946838980392116,0.1263445585101266,0.48678439170477716,,,,,,,,,,-0.08613232118436187,-0.0870009727653489,,,,,,
0.5508555492844494,0.14564124628611808,0.5590871741518519,,,,,,,,,,0.42668295027954883,0.4272836479044706,,,,,,
0.019344577192921264,0.22685628732257612,0.024751755336524184,,,,,,,,,,0.002142571890487943,0.0018538634313483016,,,,,,
0.11347850897826106,0.06247575421203777,0.11140099802043935,,,,,,,,,,-0.06629719696676695,-0.0660827786384619,,,,,,
0.3391227575651392,0.03829694285662555,0.35362691072497654,,,,,,,,,,-0.12567554364415834,-0.1249468774034792,,,,,,
0.537440406900938,0.1945320365221228,0.5327053189082527,,,,,,,,,,-0.03339044521928081,-0.03728435785890838,,,,,,
0.37811708856521875,0.09194987166494428,0.38055720476188526,,,,,,,,,,-0.10114719852414744,-0.10210052985343232,,,,,,
0.2089165432204716,0.06938199910746334,0.18793190104285884,,,,,,,,,,-0.034860091897296996,-0.03371693770106532,,,,,,
0.44639890901373747,0.07397554001351736,0.44455234799790944,,,,,,,,,,-0.1765750203508798,-0.1781206922122518,,,,,,
0.26880103087013296,0.24407772289261942,0.2685431068091475,,,,,,,,,,0.1139459396809599,0.11527212949864385,,,,,,
0.24093469649905686,0.01024796866665767,0.2477388143264605,,,,,,,,,,-0.09855416251840765,-0.0964183067451092,,,,,,
0.08416906291728665,0.22913812594176974,0.09134252384358632,,,,,,,,,,-0.006837696563739115,-0.006771007804411866,,,,,,
0.11736089849684461,0.06382385956603542,0.11559010386848101,,,,,,,,,,-0.05930339585405875,-0.059456114954477,,,,,,
0.35401706621701834,0.021770798896778132,0.3648637560328467,,,,,,,,,,0.020282560102156566,0.02388655739393286,,,,,,
-0.011433516699089097,0.08518228550522622,-0.011171483516765335,,,,,,,,,,-0.06445647710817681,-0.06404564774568122,,,,,,
0.5009918547997252,0.10044508979978062,0.49221048976242443,,,,,,,,,,0.014799948950996011,0.016074401229628776,,,,,,
0.3423386375367876,0.08577532267528554,0.34168124563092306,,,,,,,,,,-0.11504427496166159,-0.11344395914421845,,,,,,
0.24123217347069925,0.010356125269780136,0.24803726787354208,,,,,,,,,,-0.09851772067954023,-0.09638184441547537,,,,,,
0.2403056070068743,0.30144415685369097,0.24200923239869354,,,,,,,,,,0.2789053813879683,0.2791361348434016,,,,,,
0.6280863613217917,0.051200830000428965,0.6268296400444662,,,,,,,,,,-0.0991791200836083,-0.09736421402892326,,,,,,
0.2756201100066704,0.12596028562409245,0.2701726807083418,,,,,,,,,,-0.04634595197863689,-0.04528126871866611,,,,,,
0.3556081685187671,0.1188295523800349,0.35515344282594086,,,,,,,,,,-0.08185544187858618,-0.0797899672615312,,,,,,
0.21177453344995456,0.005208875776354205,0.21914427559429583,,,,,,,,,,-0.09325005100268946,-0.09111433769060362,,,,,,
0.4133356355263871,0.08932914504986655,0.4254614189759103,,,,,,,,,,0.3473763866423667,0.3517037929381335,,,,,,
0.5182344863176951,0.014632437599054526,0.5026075272226365,,,,,,,,,,-0.12333358911075365,-0.12397793713371819,,,,,,
0.18793155128862438,0.06732006910351984,0.1772504954306804,,,,,,,,,,-0.07172697080252988,-0.07116106267770483,,,,,,
0.3074445177684204,0.08115455021398787,0.31604465534800497,,,,,,,,,,0.4004964678671268,0.40435616848221656,,,,,,
-0.011715476379940526,0.08443645814846334,-0.012209304821432454,,,,,,,,,,-0.06657039309716417,-0.06615956620359853,,,,,,
0.6555291825074079,0.11754783352324338,0.6542069382818987,,,,,,,,,,0.09055403016092178,0.0923067228581278,,,,,,
0.15124329001490722,0.2799363411435607,0.15383160032930476,,,,,,,,,,0.40959260789517593,0.41020008692265897,,,,,,
0.1498956363129622,0.19438403068487986,0.15077852677684334,,,,,,,,,,0.037983594535846876,0.03948739857523975,,,,,,
0.33807928503519946,0.08494091490054245,0.33756985747753987,,,,,,,,,,-0.11475824654558586,-0.11324522737306175,,,,,,
0.26703692706835724,0.0438803442540987,0.2598446028032271,,,,,,,,,,-0.09393497115325644,-0.09334872472278732,,,,,,
0.12988339976642393,0.08513895727874043,0.1325512220353673,,,,,,,,,,-0.06873770556170022,-0.06845725012723136,,,-0.014270464863486154,,,
0.1638746441252117,0.09432831669539965,0.1623896279055863,,,,,,,,,,-0.05168469981781776,-0.05151045786968034,,,,,,
0.46934651427029905,0.11627331729008361,0.46359034956092415,,,,,,,,,,-0.06978538413945046,-0.0695178570972903,,,,,,
0.06654164028359588,0.011977989500142172,0.09101379822637057,,,,,,,,,,0.17655089132221669,0.18174691724265912,,,,,,
0.604758211745974,0.13851419321948555,0.6018575080315429,,,,,,,,,,-0.057790743736608974,-0.05761584287877142,,,,,,
0.4998401801026908,0.14774982274751025,0.4954142582022705,,,,,,,,,,0.006296320959281232,-0.002861590164716432,,,,,,
0.3571966667362645,0.11108991367701648,0.3531491278414052,,,,,,,,,,0.5053928408658521,0.5080362537534437,,,,,,
0.26390727165501104,0.22094286523813977,0.2723172986098703,,,,,,,,,,0.08000607009659966,0.07967363436956809,,,,,,
0.6258806874417253,0.13835700003049567,0.634327083484223,,,,,,,,,,0.25581517331704084,0.25597599898885015,,,,,,
-0.07956833539587294,0.15801007761633912,-0.07415615271973763,,,,,,,,,,0.22664115235200732,0.22736656256200405,,,,,,
0.10294993539014285,0.23922565688752684,0.10988854514019764,,,,,,,,,,-0.012049301870497686,-0.011982614067781228,,,,,,
-0.07871469201509385,0.031040102019282756,-0.08540909493728321,,,,,,,,,,-0.12623092429181426,-0.1238067320180054,,,,,,
0.2521561546448581,0.1627845476053622,0.24496320734348132,,,,,,,,,,-0.12665549527485886,-0.12608526276167886,,,,,,
0.26491914045733367,0.04026214090719549,0.25302851480092414,,,,,,,,,,-0.18191928867282492,-0.18174495472354835,,,,,,
0.6015341622787354,-0.0010445812607962068,0.6052177135573409,,,,,,,,,,-0.28172306098629285,-0.28119340489336153,,,,,,
-0.07547346117847198,-0.015533807889134721,-0.08002712495632736,,,,,,,,,,-0.16100731983152627,-0.16020387404181946,,,,,,-0.026998075563931856
0.04334927716722348,0.02453670830552568,0.03835371679052102,,,,,,,,,,-0.17483956747727092,-0.1745754170380689,,,,,,
0.35679355587582506,0.06194102609952168,0.3496879952961116,,,,,,,,,,-0.10409334740501919,-0.10382655633824811,,,,,,
-0.15426113883615145,-0.028766100069795186,-0.1471669738828787,,,,,,,,,,-0.11045991916806841,-0.11088175672206013,,,,,,0.039507393059598606
0.363732406136716,0.015759354661973646,0.36416009574033126,,,,,,,,,,-0.210188829052262,-0.21038523116257046,,,,,,
0.0036373298697753853,0.06116631579722309,0.009394814264464202,,,,,,,,,,0.10235820280052188,0.10202306142097406,,,,,,
0.5547662018297324,0.09100958622760658,0.5481614315468377,,,,,,,,,,-0.1026234180160639,-0.10209938132199525,,,,,,
0.6358710458399308,0.1452261715187575,0.6319677858100263,,,,,,,,,,-0.06385390918763534,-0.06298628980071186,,,,,,
0.23692838584851472,0.0264702335007847,0.2315495391068616,,,,,,,,,,-0.10622685969607737,-0.1064276432758895,,,,,,
0.200067962164848,-0.01233749713505361,0.18455180720347997,,,,,,,,,,-0.09294861423931344,-0.0922765351939443,,,,,,
0.144317790095851,0.07523468323022087,0.1496600040930396,,,,,,,,,,-0.01296144964636703,-0.012908399441645457,,,,,,
0.026856882079918876,0.010819360168039083,0.027011178696838556,,,,,,,,,,-0.10644615286847703,-0.10644578605706378,,,,,,
0.38908757162541363,0.1296515898450714,0.3969147263791726,,,,,,,,,,0.010512908960388145,0.010678903638243753,,,-0.04900178144527523,,,
0.4355711289940949,-0.004540279891752874,0.43918438622011635,,,,,,,,,,-0.25370720881238285,-0.25463752583408095,,,,,,
-0.07557992949606884,-0.015567492858174603,-0.08013317311622004,,,,,,,,,,-0.16101570687446554,-0.16021223781280547,,,,,,-0.027000221507033295
0.19639185222172273,-0.004934190772225122,0.1965174995730301,,,,,,,,,,-0.12518266429576208,-0.12558275605568525,,,-0.034200926336731996,,,
-0.05917259170481515,-0.004055989610662891,-0.04890714703902077,,,,,,,,,,-0.11417548940691624,-0.1141750459327131,,,,,,
0.5628119115042338,0.10759526847735046,0.5640288592094116,,,,,,,,,,-0.03657767188104266,-0.03637717141621444,,,,,,
